,County,State,County FIPS Code,Opioid Dispensing Rate per 100,Year
2806,Accomack,VA,51001,51.7,2006
2807,Albemarle,VA,51003,72.1,2006
2808,Alleghany,VA,51005,62.8,2006
2809,Amelia,VA,51007,54.1,2006
2810,Amherst,VA,51009,80.8,2006
2811,Appomattox,VA,51011,70.7,2006
2812,Arlington,VA,51013,28.7,2006
2813,Augusta,VA,51015,30.7,2006
2814,Bath,VA,51017,70,2006
2815,Bedford,VA,51019,35.3,2006
2816,Bland,VA,51021,110.4,2006
2817,Botetourt,VA,51023,32.5,2006
2818,Brunswick,VA,51025,24.7,2006
2819,Buchanan,VA,51027,75.5,2006
2820,Buckingham,VA,51029,–,2006
2821,Campbell,VA,51031,43.3,2006
2822,Caroline,VA,51033,27.9,2006
2823,Carroll,VA,51035,51,2006
2824,Charles City,VA,51036,–,2006
2825,Charlotte,VA,51037,38.9,2006
2826,Chesterfield,VA,51041,67.2,2006
2827,Clarke,VA,51043,–,2006
2828,Craig,VA,51045,–,2006
2829,Culpeper,VA,51047,74,2006
2830,Cumberland,VA,51049,15.1,2006
2831,Dickenson,VA,51051,220.6,2006
2832,Dinwiddie,VA,51053,7.6,2006
2833,Essex,VA,51057,82.9,2006
2834,Fairfax,VA,51059,35.7,2006
2835,Fauquier,VA,51061,88.4,2006
2836,Floyd,VA,51063,48.3,2006
2837,Fluvanna,VA,51065,28.8,2006
2838,Franklin,VA,51067,82.8,2006
2839,Frederick,VA,51069,35.8,2006
2840,Giles,VA,51071,158.7,2006
2841,Gloucester,VA,51073,95.3,2006
2842,Goochland,VA,51075,22.1,2006
2843,Grayson,VA,51077,5.1,2006
2844,Greene,VA,51079,–,2006
2845,Greensville,VA,51081,–,2006
2846,Halifax,VA,51083,65.5,2006
2847,Hanover,VA,51085,75.1,2006
2848,Henrico,VA,51087,72.6,2006
2849,Henry,VA,51089,57.3,2006
2850,Highland,VA,51091,–,2006
2851,Isle Of Wight,VA,51093,53.3,2006
2852,James City,VA,51095,106.5,2006
2853,King And Queen,VA,51097,–,2006
2854,King George,VA,51099,29.6,2006
2855,King William,VA,51101,34.5,2006
2856,Lancaster,VA,51103,140.6,2006
2857,Lee,VA,51105,121.4,2006
2858,Loudoun,VA,51107,40.9,2006
2859,Louisa,VA,51109,52.1,2006
2860,Lunenburg,VA,51111,–,2006
2861,Madison,VA,51113,–,2006
2862,Mathews,VA,51115,–,2006
2863,Mecklenburg,VA,51117,83.3,2006
2864,Middlesex,VA,51119,–,2006
2865,Montgomery,VA,51121,88.6,2006
2866,Nelson,VA,51125,32.2,2006
2867,New Kent,VA,51127,61.4,2006
2868,Northampton,VA,51131,107.6,2006
2869,Northumberland,VA,51133,30.3,2006
2870,Nottoway,VA,51135,55.6,2006
2871,Orange,VA,51137,66.3,2006
2872,Page,VA,51139,67,2006
2873,Patrick,VA,51141,74.6,2006
2874,Pittsylvania,VA,51143,19.7,2006
2875,Powhatan,VA,51145,44.6,2006
2876,Prince Edward,VA,51147,95.4,2006
2877,Prince George,VA,51149,–,2006
2878,Prince William,VA,51153,38.9,2006
2879,Pulaski,VA,51155,189.2,2006
2880,Rappahannock,VA,51157,–,2006
2881,Richmond,VA,51159,55.8,2006
2882,Roanoke,VA,51161,91.5,2006
2883,Rockbridge,VA,51163,–,2006
2884,Rockingham,VA,51165,24,2006
2885,Russell,VA,51167,170,2006
2886,Scott,VA,51169,197.7,2006
2887,Shenandoah,VA,51171,57.6,2006
2888,Smyth,VA,51173,100.5,2006
2889,Southampton,VA,51175,5.5,2006
2890,Spotsylvania,VA,51177,61.6,2006
2891,Stafford,VA,51179,58.4,2006
2892,Surry,VA,51181,–,2006
2893,Sussex,VA,51183,40.6,2006
2894,Tazewell,VA,51185,202.1,2006
2895,Warren,VA,51187,87.8,2006
2896,Washington,VA,51191,140,2006
2897,Westmoreland,VA,51193,51.3,2006
2898,Wise,VA,51195,222.3,2006
2899,Wythe,VA,51197,101.9,2006
2900,York,VA,51199,44.8,2006
2901,Alexandria,VA,51510,38.4,2006
2902,Bedford City,VA,51515,–,2006
2903,Bristol,VA,51520,260.3,2006
2904,Buena Vista,VA,51530,99.2,2006
2905,Charlottesville,VA,51540,77.9,2006
2906,Chesapeake,VA,51550,77.3,2006
2907,Colonial Heights,VA,51570,276,2006
2908,Covington,VA,51580,246,2006
2909,Danville,VA,51590,158.8,2006
2910,Emporia,VA,51595,217.6,2006
2911,Fairfax City,VA,51600,87.7,2006
2912,Falls Church,VA,51610,93.6,2006
2913,Franklin City,VA,51620,178.5,2006
2914,Fredericksburg,VA,51630,256,2006
2915,Galax,VA,51640,383.9,2006
2916,Hampton,VA,51650,77.8,2006
2917,Harrisonburg,VA,51660,132.9,2006
2918,Hopewell,VA,51670,111.4,2006
2919,Lexington,VA,51678,205,2006
2920,Lynchburg,VA,51680,144.6,2006
2921,Manassas,VA,51683,125.2,2006
2922,Manassas Park,VA,51685,–,2006
2923,Martinsville,VA,51690,403.3,2006
2924,Newport News,VA,51700,67.6,2006
2925,Norfolk,VA,51710,49.3,2006
2926,Norton,VA,51720,251.6,2006
2927,Petersburg,VA,51730,93.2,2006
2928,Poquoson,VA,51735,89.2,2006
2929,Portsmouth,VA,51740,81.9,2006
2930,Radford,VA,51750,133.2,2006
2931,Richmond City,VA,51760,57.2,2006
2932,Roanoke City,VA,51770,120.9,2006
2933,Salem,VA,51775,217.3,2006
2934,Staunton,VA,51790,179.5,2006
2935,Suffolk,VA,51800,57.2,2006
2936,Virginia Beach,VA,51810,64.3,2006
2937,Waynesboro,VA,51820,204.2,2006
2938,Williamsburg,VA,51830,–,2006
2939,Winchester,VA,51840,297.7,2006
5949,Accomack,VA,51001,57,2007
5950,Albemarle,VA,51003,78.3,2007
5951,Alleghany,VA,51005,65.7,2007
5952,Amelia,VA,51007,64.3,2007
5953,Amherst,VA,51009,81,2007
5954,Appomattox,VA,51011,99,2007
5955,Arlington,VA,51013,29.1,2007
5956,Augusta,VA,51015,35.9,2007
5957,Bath,VA,51017,72.1,2007
5958,Bedford,VA,51019,33.7,2007
5959,Bland,VA,51021,108,2007
5960,Botetourt,VA,51023,35.9,2007
5961,Brunswick,VA,51025,25.7,2007
5962,Buchanan,VA,51027,80.6,2007
5963,Buckingham,VA,51029,–,2007
5964,Campbell,VA,51031,42.7,2007
5965,Caroline,VA,51033,22.4,2007
5966,Carroll,VA,51035,57.9,2007
5967,Charles City,VA,51036,–,2007
5968,Charlotte,VA,51037,41.1,2007
5969,Chesterfield,VA,51041,69.3,2007
5970,Clarke,VA,51043,–,2007
5971,Craig,VA,51045,–,2007
5972,Culpeper,VA,51047,87.6,2007
5973,Cumberland,VA,51049,21.7,2007
5974,Dickenson,VA,51051,204.8,2007
5975,Dinwiddie,VA,51053,8.4,2007
5976,Essex,VA,51057,84,2007
5977,Fairfax,VA,51059,36.1,2007
5978,Fauquier,VA,51061,92.8,2007
5979,Floyd,VA,51063,56.4,2007
5980,Fluvanna,VA,51065,33.2,2007
5981,Franklin,VA,51067,96.3,2007
5982,Frederick,VA,51069,42.6,2007
5983,Giles,VA,51071,164.4,2007
5984,Gloucester,VA,51073,97.9,2007
5985,Goochland,VA,51075,23.3,2007
5986,Grayson,VA,51077,28.8,2007
5987,Greene,VA,51079,–,2007
5988,Greensville,VA,51081,–,2007
5989,Halifax,VA,51083,60.3,2007
5990,Hanover,VA,51085,78.7,2007
5991,Henrico,VA,51087,77.3,2007
5992,Henry,VA,51089,65,2007
5993,Highland,VA,51091,–,2007
5994,Isle Of Wight,VA,51093,54.3,2007
5995,James City,VA,51095,106.7,2007
5996,King And Queen,VA,51097,–,2007
5997,King George,VA,51099,31,2007
5998,King William,VA,51101,43.2,2007
5999,Lancaster,VA,51103,151.3,2007
6000,Lee,VA,51105,139.7,2007
6001,Loudoun,VA,51107,41,2007
6002,Louisa,VA,51109,52.1,2007
6003,Lunenburg,VA,51111,–,2007
6004,Madison,VA,51113,–,2007
6005,Mathews,VA,51115,–,2007
6006,Mecklenburg,VA,51117,90.6,2007
6007,Middlesex,VA,51119,–,2007
6008,Montgomery,VA,51121,86.4,2007
6009,Nelson,VA,51125,36.6,2007
6010,New Kent,VA,51127,60.6,2007
6011,Northampton,VA,51131,125.4,2007
6012,Northumberland,VA,51133,33.3,2007
6013,Nottoway,VA,51135,61.5,2007
6014,Orange,VA,51137,81.4,2007
6015,Page,VA,51139,74.1,2007
6016,Patrick,VA,51141,99.6,2007
6017,Pittsylvania,VA,51143,22.2,2007
6018,Powhatan,VA,51145,47.8,2007
6019,Prince Edward,VA,51147,104.9,2007
6020,Prince George,VA,51149,–,2007
6021,Prince William,VA,51153,40.9,2007
6022,Pulaski,VA,51155,177.1,2007
6023,Rappahannock,VA,51157,–,2007
6024,Richmond,VA,51159,51.9,2007
6025,Roanoke,VA,51161,90.4,2007
6026,Rockbridge,VA,51163,–,2007
6027,Rockingham,VA,51165,29,2007
6028,Russell,VA,51167,183,2007
6029,Scott,VA,51169,175.1,2007
6030,Shenandoah,VA,51171,61.3,2007
6031,Smyth,VA,51173,108.6,2007
6032,Southampton,VA,51175,4.2,2007
6033,Spotsylvania,VA,51177,69.4,2007
6034,Stafford,VA,51179,61.3,2007
6035,Surry,VA,51181,–,2007
6036,Sussex,VA,51183,31.4,2007
6037,Tazewell,VA,51185,195.5,2007
6038,Warren,VA,51187,87.4,2007
6039,Washington,VA,51191,155.8,2007
6040,Westmoreland,VA,51193,51.9,2007
6041,Wise,VA,51195,230.1,2007
6042,Wythe,VA,51197,103.4,2007
6043,York,VA,51199,44.2,2007
6044,Alexandria,VA,51510,40.1,2007
6045,Bedford City,VA,51515,–,2007
6046,Bristol,VA,51520,260.6,2007
6047,Buena Vista,VA,51530,85.2,2007
6048,Charlottesville,VA,51540,83.1,2007
6049,Chesapeake,VA,51550,83.2,2007
6050,Colonial Heights,VA,51570,296,2007
6051,Covington,VA,51580,250.1,2007
6052,Danville,VA,51590,146.7,2007
6053,Emporia,VA,51595,221.2,2007
6054,Fairfax City,VA,51600,89.6,2007
6055,Falls Church,VA,51610,91.4,2007
6056,Franklin City,VA,51620,169,2007
6057,Fredericksburg,VA,51630,224,2007
6058,Galax,VA,51640,400.8,2007
6059,Hampton,VA,51650,80.2,2007
6060,Harrisonburg,VA,51660,133.8,2007
6061,Hopewell,VA,51670,117.8,2007
6062,Lexington,VA,51678,238.3,2007
6063,Lynchburg,VA,51680,153.3,2007
6064,Manassas,VA,51683,122.2,2007
6065,Manassas Park,VA,51685,–,2007
6066,Martinsville,VA,51690,438.4,2007
6067,Newport News,VA,51700,70.1,2007
6068,Norfolk,VA,51710,54.8,2007
6069,Norton,VA,51720,257.6,2007
6070,Petersburg,VA,51730,98.7,2007
6071,Poquoson,VA,51735,95.4,2007
6072,Portsmouth,VA,51740,93.1,2007
6073,Radford,VA,51750,140.7,2007
6074,Richmond City,VA,51760,61.2,2007
6075,Roanoke City,VA,51770,132.2,2007
6076,Salem,VA,51775,230,2007
6077,Staunton,VA,51790,175.7,2007
6078,Suffolk,VA,51800,65.1,2007
6079,Virginia Beach,VA,51810,66.5,2007
6080,Waynesboro,VA,51820,203.3,2007
6081,Williamsburg,VA,51830,–,2007
6082,Winchester,VA,51840,297.1,2007
9092,Accomack,VA,51001,68.4,2008
9093,Albemarle,VA,51003,77.5,2008
9094,Alleghany,VA,51005,67.1,2008
9095,Amelia,VA,51007,62.4,2008
9096,Amherst,VA,51009,84.1,2008
9097,Appomattox,VA,51011,111.2,2008
9098,Arlington,VA,51013,29.4,2008
9099,Augusta,VA,51015,36.2,2008
9100,Bath,VA,51017,69.4,2008
9101,Bedford,VA,51019,40.1,2008
9102,Bland,VA,51021,90.9,2008
9103,Botetourt,VA,51023,37.8,2008
9104,Brunswick,VA,51025,27.1,2008
9105,Buchanan,VA,51027,83.4,2008
9106,Buckingham,VA,51029,–,2008
9107,Campbell,VA,51031,42.4,2008
9108,Caroline,VA,51033,19.7,2008
9109,Carroll,VA,51035,57.3,2008
9110,Charles City,VA,51036,–,2008
9111,Charlotte,VA,51037,39.1,2008
9112,Chesterfield,VA,51041,73.2,2008
9113,Clarke,VA,51043,–,2008
9114,Craig,VA,51045,–,2008
9115,Culpeper,VA,51047,92.9,2008
9116,Cumberland,VA,51049,19.7,2008
9117,Dickenson,VA,51051,191.7,2008
9118,Dinwiddie,VA,51053,7.2,2008
9119,Essex,VA,51057,82.7,2008
9120,Fairfax,VA,51059,36.8,2008
9121,Fauquier,VA,51061,97.1,2008
9122,Floyd,VA,51063,61.5,2008
9123,Fluvanna,VA,51065,31,2008
9124,Franklin,VA,51067,103.4,2008
9125,Frederick,VA,51069,41.4,2008
9126,Giles,VA,51071,165.1,2008
9127,Gloucester,VA,51073,93.4,2008
9128,Goochland,VA,51075,26.6,2008
9129,Grayson,VA,51077,28,2008
9130,Greene,VA,51079,–,2008
9131,Greensville,VA,51081,–,2008
9132,Halifax,VA,51083,61.8,2008
9133,Hanover,VA,51085,81.5,2008
9134,Henrico,VA,51087,80.9,2008
9135,Henry,VA,51089,72.7,2008
9136,Highland,VA,51091,–,2008
9137,Isle Of Wight,VA,51093,44.9,2008
9138,James City,VA,51095,108.2,2008
9139,King And Queen,VA,51097,–,2008
9140,King George,VA,51099,30.2,2008
9141,King William,VA,51101,43.4,2008
9142,Lancaster,VA,51103,142.2,2008
9143,Lee,VA,51105,144.2,2008
9144,Loudoun,VA,51107,42.8,2008
9145,Louisa,VA,51109,59,2008
9146,Lunenburg,VA,51111,–,2008
9147,Madison,VA,51113,–,2008
9148,Mathews,VA,51115,–,2008
9149,Mecklenburg,VA,51117,91.8,2008
9150,Middlesex,VA,51119,–,2008
9151,Montgomery,VA,51121,85.6,2008
9152,Nelson,VA,51125,38.5,2008
9153,New Kent,VA,51127,56.4,2008
9154,Northampton,VA,51131,134.6,2008
9155,Northumberland,VA,51133,33.5,2008
9156,Nottoway,VA,51135,61.9,2008
9157,Orange,VA,51137,77.3,2008
9158,Page,VA,51139,81.3,2008
9159,Patrick,VA,51141,101.6,2008
9160,Pittsylvania,VA,51143,23.2,2008
9161,Powhatan,VA,51145,49.4,2008
9162,Prince Edward,VA,51147,109.1,2008
9163,Prince George,VA,51149,–,2008
9164,Prince William,VA,51153,44.4,2008
9165,Pulaski,VA,51155,171.9,2008
9166,Rappahannock,VA,51157,–,2008
9167,Richmond,VA,51159,49.2,2008
9168,Roanoke,VA,51161,96.3,2008
9169,Rockbridge,VA,51163,–,2008
9170,Rockingham,VA,51165,29,2008
9171,Russell,VA,51167,178.5,2008
9172,Scott,VA,51169,165.7,2008
9173,Shenandoah,VA,51171,62.6,2008
9174,Smyth,VA,51173,125.5,2008
9175,Southampton,VA,51175,5,2008
9176,Spotsylvania,VA,51177,75.8,2008
9177,Stafford,VA,51179,62.7,2008
9178,Surry,VA,51181,–,2008
9179,Sussex,VA,51183,30.1,2008
9180,Tazewell,VA,51185,181.3,2008
9181,Warren,VA,51187,101.3,2008
9182,Washington,VA,51191,184,2008
9183,Westmoreland,VA,51193,57.5,2008
9184,Wise,VA,51195,231,2008
9185,Wythe,VA,51197,108.9,2008
9186,York,VA,51199,48.2,2008
9187,Alexandria,VA,51510,41.5,2008
9188,Bedford City,VA,51515,–,2008
9189,Bristol,VA,51520,234.2,2008
9190,Buena Vista,VA,51530,82.5,2008
9191,Charlottesville,VA,51540,82.9,2008
9192,Chesapeake,VA,51550,83.4,2008
9193,Colonial Heights,VA,51570,283.1,2008
9194,Covington,VA,51580,269,2008
9195,Danville,VA,51590,170.1,2008
9196,Emporia,VA,51595,225,2008
9197,Fairfax City,VA,51600,97.5,2008
9198,Falls Church,VA,51610,95.6,2008
9199,Franklin City,VA,51620,174.8,2008
9200,Fredericksburg,VA,51630,229.6,2008
9201,Galax,VA,51640,428,2008
9202,Hampton,VA,51650,84.3,2008
9203,Harrisonburg,VA,51660,135,2008
9204,Hopewell,VA,51670,146.1,2008
9205,Lexington,VA,51678,274.3,2008
9206,Lynchburg,VA,51680,167.9,2008
9207,Manassas,VA,51683,117.7,2008
9208,Manassas Park,VA,51685,–,2008
9209,Martinsville,VA,51690,474.7,2008
9210,Newport News,VA,51700,75.1,2008
9211,Norfolk,VA,51710,62.4,2008
9212,Norton,VA,51720,296,2008
9213,Petersburg,VA,51730,124.9,2008
9214,Poquoson,VA,51735,101.7,2008
9215,Portsmouth,VA,51740,107.6,2008
9216,Radford,VA,51750,147.4,2008
9217,Richmond City,VA,51760,62.6,2008
9218,Roanoke City,VA,51770,135.9,2008
9219,Salem,VA,51775,242.8,2008
9220,Staunton,VA,51790,195.4,2008
9221,Suffolk,VA,51800,82.8,2008
9222,Virginia Beach,VA,51810,67.1,2008
9223,Waynesboro,VA,51820,214.3,2008
9224,Williamsburg,VA,51830,–,2008
9225,Winchester,VA,51840,321,2008
12235,Accomack,VA,51001,65.7,2009
12236,Albemarle,VA,51003,77.1,2009
12237,Alleghany,VA,51005,73,2009
12238,Amelia,VA,51007,58.1,2009
12239,Amherst,VA,51009,83.2,2009
12240,Appomattox,VA,51011,116.8,2009
12241,Arlington,VA,51013,29,2009
12242,Augusta,VA,51015,36.8,2009
12243,Bath,VA,51017,66.8,2009
12244,Bedford,VA,51019,43.2,2009
12245,Bland,VA,51021,74.3,2009
12246,Botetourt,VA,51023,39.3,2009
12247,Brunswick,VA,51025,24.7,2009
12248,Buchanan,VA,51027,83.9,2009
12249,Buckingham,VA,51029,5.6,2009
12250,Campbell,VA,51031,38.7,2009
12251,Caroline,VA,51033,19.7,2009
12252,Carroll,VA,51035,53.6,2009
12253,Charles City,VA,51036,–,2009
12254,Charlotte,VA,51037,38.9,2009
12255,Chesterfield,VA,51041,75.4,2009
12256,Clarke,VA,51043,11,2009
12257,Craig,VA,51045,–,2009
12258,Culpeper,VA,51047,95.9,2009
12259,Cumberland,VA,51049,10.8,2009
12260,Dickenson,VA,51051,194.9,2009
12261,Dinwiddie,VA,51053,5.1,2009
12262,Essex,VA,51057,86.6,2009
12263,Fairfax,VA,51059,37.1,2009
12264,Fauquier,VA,51061,99.9,2009
12265,Floyd,VA,51063,68.3,2009
12266,Fluvanna,VA,51065,40.8,2009
12267,Franklin,VA,51067,107.2,2009
12268,Frederick,VA,51069,42.1,2009
12269,Giles,VA,51071,163.8,2009
12270,Gloucester,VA,51073,90.6,2009
12271,Goochland,VA,51075,32.3,2009
12272,Grayson,VA,51077,28.1,2009
12273,Greene,VA,51079,–,2009
12274,Greensville,VA,51081,–,2009
12275,Halifax,VA,51083,66.1,2009
12276,Hanover,VA,51085,79,2009
12277,Henrico,VA,51087,84.9,2009
12278,Henry,VA,51089,72.7,2009
12279,Highland,VA,51091,–,2009
12280,Isle Of Wight,VA,51093,51.5,2009
12281,James City,VA,51095,114.1,2009
12282,King And Queen,VA,51097,–,2009
12283,King George,VA,51099,28.7,2009
12284,King William,VA,51101,42.7,2009
12285,Lancaster,VA,51103,147.1,2009
12286,Lee,VA,51105,138.5,2009
12287,Loudoun,VA,51107,42.9,2009
12288,Louisa,VA,51109,58.1,2009
12289,Lunenburg,VA,51111,–,2009
12290,Madison,VA,51113,–,2009
12291,Mathews,VA,51115,30.9,2009
12292,Mecklenburg,VA,51117,93.9,2009
12293,Middlesex,VA,51119,–,2009
12294,Montgomery,VA,51121,81.8,2009
12295,Nelson,VA,51125,36.3,2009
12296,New Kent,VA,51127,57.7,2009
12297,Northampton,VA,51131,109.5,2009
12298,Northumberland,VA,51133,31.4,2009
12299,Nottoway,VA,51135,68.3,2009
12300,Orange,VA,51137,87,2009
12301,Page,VA,51139,87,2009
12302,Patrick,VA,51141,101,2009
12303,Pittsylvania,VA,51143,23.5,2009
12304,Powhatan,VA,51145,48.3,2009
12305,Prince Edward,VA,51147,117,2009
12306,Prince George,VA,51149,–,2009
12307,Prince William,VA,51153,45.9,2009
12308,Pulaski,VA,51155,168.8,2009
12309,Rappahannock,VA,51157,–,2009
12310,Richmond,VA,51159,52,2009
12311,Roanoke,VA,51161,98.8,2009
12312,Rockbridge,VA,51163,–,2009
12313,Rockingham,VA,51165,30.5,2009
12314,Russell,VA,51167,154.2,2009
12315,Scott,VA,51169,142.7,2009
12316,Shenandoah,VA,51171,69.5,2009
12317,Smyth,VA,51173,123.8,2009
12318,Southampton,VA,51175,4.8,2009
12319,Spotsylvania,VA,51177,77.8,2009
12320,Stafford,VA,51179,64.8,2009
12321,Surry,VA,51181,–,2009
12322,Sussex,VA,51183,28.9,2009
12323,Tazewell,VA,51185,191.3,2009
12324,Warren,VA,51187,111.4,2009
12325,Washington,VA,51191,182.4,2009
12326,Westmoreland,VA,51193,57,2009
12327,Wise,VA,51195,221.2,2009
12328,Wythe,VA,51197,112.4,2009
12329,York,VA,51199,50.5,2009
12330,Alexandria,VA,51510,40.9,2009
12331,Bedford City,VA,51515,–,2009
12332,Bristol,VA,51520,224.7,2009
12333,Buena Vista,VA,51530,82,2009
12334,Charlottesville,VA,51540,79.6,2009
12335,Chesapeake,VA,51550,85,2009
12336,Colonial Heights,VA,51570,276.2,2009
12337,Covington,VA,51580,291.8,2009
12338,Danville,VA,51590,195.5,2009
12339,Emporia,VA,51595,239.9,2009
12340,Fairfax City,VA,51600,95.7,2009
12341,Falls Church,VA,51610,98.5,2009
12342,Franklin City,VA,51620,205.4,2009
12343,Fredericksburg,VA,51630,216.8,2009
12344,Galax,VA,51640,398.5,2009
12345,Hampton,VA,51650,88.7,2009
12346,Harrisonburg,VA,51660,135.4,2009
12347,Hopewell,VA,51670,172.4,2009
12348,Lexington,VA,51678,279.9,2009
12349,Lynchburg,VA,51680,171.2,2009
12350,Manassas,VA,51683,116,2009
12351,Manassas Park,VA,51685,–,2009
12352,Martinsville,VA,51690,520.1,2009
12353,Newport News,VA,51700,76.8,2009
12354,Norfolk,VA,51710,65.4,2009
12355,Norton,VA,51720,300.9,2009
12356,Petersburg,VA,51730,135.4,2009
12357,Poquoson,VA,51735,108,2009
12358,Portsmouth,VA,51740,101.3,2009
12359,Radford,VA,51750,140.7,2009
12360,Richmond City,VA,51760,65.1,2009
12361,Roanoke City,VA,51770,141.6,2009
12362,Salem,VA,51775,250.5,2009
12363,Staunton,VA,51790,203.2,2009
12364,Suffolk,VA,51800,84.3,2009
12365,Virginia Beach,VA,51810,67.2,2009
12366,Waynesboro,VA,51820,222.3,2009
12367,Williamsburg,VA,51830,–,2009
12368,Winchester,VA,51840,306.6,2009
15378,Accomack,VA,51001,67.5,2010
15379,Albemarle,VA,51003,74.4,2010
15380,Alleghany,VA,51005,76.6,2010
15381,Amelia,VA,51007,54,2010
15382,Amherst,VA,51009,88.1,2010
15383,Appomattox,VA,51011,115.9,2010
15384,Arlington,VA,51013,29.6,2010
15385,Augusta,VA,51015,36.3,2010
15386,Bath,VA,51017,65.2,2010
15387,Bedford,VA,51019,45.2,2010
15388,Bland,VA,51021,78.1,2010
15389,Botetourt,VA,51023,41.9,2010
15390,Brunswick,VA,51025,25.3,2010
15391,Buchanan,VA,51027,131.5,2010
15392,Buckingham,VA,51029,1,2010
15393,Campbell,VA,51031,40.6,2010
15394,Caroline,VA,51033,21.5,2010
15395,Carroll,VA,51035,46.3,2010
15396,Charles City,VA,51036,–,2010
15397,Charlotte,VA,51037,39.6,2010
15398,Chesterfield,VA,51041,77.9,2010
15399,Clarke,VA,51043,23.2,2010
15400,Craig,VA,51045,–,2010
15401,Culpeper,VA,51047,101.7,2010
15402,Cumberland,VA,51049,26.9,2010
15403,Dickenson,VA,51051,163.2,2010
15404,Dinwiddie,VA,51053,5,2010
15405,Essex,VA,51057,91,2010
15406,Fairfax,VA,51059,37.7,2010
15407,Fauquier,VA,51061,102.7,2010
15408,Floyd,VA,51063,84.5,2010
15409,Fluvanna,VA,51065,33.2,2010
15410,Franklin,VA,51067,107.2,2010
15411,Frederick,VA,51069,46.4,2010
15412,Giles,VA,51071,153.1,2010
15413,Gloucester,VA,51073,92,2010
15414,Goochland,VA,51075,31.8,2010
15415,Grayson,VA,51077,27.7,2010
15416,Greene,VA,51079,16.6,2010
15417,Greensville,VA,51081,–,2010
15418,Halifax,VA,51083,73,2010
15419,Hanover,VA,51085,80.1,2010
15420,Henrico,VA,51087,85.1,2010
15421,Henry,VA,51089,81.7,2010
15422,Highland,VA,51091,–,2010
15423,Isle Of Wight,VA,51093,53.7,2010
15424,James City,VA,51095,111.6,2010
15425,King And Queen,VA,51097,–,2010
15426,King George,VA,51099,29.4,2010
15427,King William,VA,51101,44,2010
15428,Lancaster,VA,51103,156.7,2010
15429,Lee,VA,51105,133.4,2010
15430,Loudoun,VA,51107,44.2,2010
15431,Louisa,VA,51109,59,2010
15432,Lunenburg,VA,51111,–,2010
15433,Madison,VA,51113,–,2010
15434,Mathews,VA,51115,64.2,2010
15435,Mecklenburg,VA,51117,94.2,2010
15436,Middlesex,VA,51119,–,2010
15437,Montgomery,VA,51121,82,2010
15438,Nelson,VA,51125,35.4,2010
15439,New Kent,VA,51127,64.3,2010
15440,Northampton,VA,51131,106.3,2010
15441,Northumberland,VA,51133,29.8,2010
15442,Nottoway,VA,51135,81.1,2010
15443,Orange,VA,51137,103.1,2010
15444,Page,VA,51139,84.3,2010
15445,Patrick,VA,51141,78.7,2010
15446,Pittsylvania,VA,51143,23.9,2010
15447,Powhatan,VA,51145,45.3,2010
15448,Prince Edward,VA,51147,117.3,2010
15449,Prince George,VA,51149,–,2010
15450,Prince William,VA,51153,46.8,2010
15451,Pulaski,VA,51155,175.8,2010
15452,Rappahannock,VA,51157,–,2010
15453,Richmond,VA,51159,49.1,2010
15454,Roanoke,VA,51161,101,2010
15455,Rockbridge,VA,51163,–,2010
15456,Rockingham,VA,51165,32.7,2010
15457,Russell,VA,51167,160.7,2010
15458,Scott,VA,51169,185.1,2010
15459,Shenandoah,VA,51171,78.5,2010
15460,Smyth,VA,51173,142.4,2010
15461,Southampton,VA,51175,4.5,2010
15462,Spotsylvania,VA,51177,82.7,2010
15463,Stafford,VA,51179,67.2,2010
15464,Surry,VA,51181,–,2010
15465,Sussex,VA,51183,25,2010
15466,Tazewell,VA,51185,189.6,2010
15467,Warren,VA,51187,119.4,2010
15468,Washington,VA,51191,147,2010
15469,Westmoreland,VA,51193,57.6,2010
15470,Wise,VA,51195,216.2,2010
15471,Wythe,VA,51197,113.6,2010
15472,York,VA,51199,54,2010
15473,Alexandria,VA,51510,42,2010
15474,Bedford City,VA,51515,–,2010
15475,Bristol,VA,51520,220.2,2010
15476,Buena Vista,VA,51530,86.6,2010
15477,Charlottesville,VA,51540,80.1,2010
15478,Chesapeake,VA,51550,85,2010
15479,Colonial Heights,VA,51570,294.1,2010
15480,Covington,VA,51580,300,2010
15481,Danville,VA,51590,207.2,2010
15482,Emporia,VA,51595,256,2010
15483,Fairfax City,VA,51600,93.4,2010
15484,Falls Church,VA,51610,99.6,2010
15485,Franklin City,VA,51620,236.1,2010
15486,Fredericksburg,VA,51630,207.5,2010
15487,Galax,VA,51640,360,2010
15488,Hampton,VA,51650,93,2010
15489,Harrisonburg,VA,51660,137.3,2010
15490,Hopewell,VA,51670,182.7,2010
15491,Lexington,VA,51678,276.5,2010
15492,Lynchburg,VA,51680,177,2010
15493,Manassas,VA,51683,115.8,2010
15494,Manassas Park,VA,51685,–,2010
15495,Martinsville,VA,51690,566.4,2010
15496,Newport News,VA,51700,78,2010
15497,Norfolk,VA,51710,63.1,2010
15498,Norton,VA,51720,361.6,2010
15499,Petersburg,VA,51730,137.3,2010
15500,Poquoson,VA,51735,110.5,2010
15501,Portsmouth,VA,51740,98,2010
15502,Radford,VA,51750,134.3,2010
15503,Richmond City,VA,51760,68.9,2010
15504,Roanoke City,VA,51770,148.2,2010
15505,Salem,VA,51775,254.9,2010
15506,Staunton,VA,51790,204.5,2010
15507,Suffolk,VA,51800,86.9,2010
15508,Virginia Beach,VA,51810,68.8,2010
15509,Waynesboro,VA,51820,229.6,2010
15510,Williamsburg,VA,51830,–,2010
15511,Winchester,VA,51840,303,2010
18521,Accomack,VA,51001,69.9,2011
18522,Albemarle,VA,51003,74.8,2011
18523,Alleghany,VA,51005,77.9,2011
18524,Amelia,VA,51007,57.6,2011
18525,Amherst,VA,51009,90.6,2011
18526,Appomattox,VA,51011,110.1,2011
18527,Arlington,VA,51013,29.7,2011
18528,Augusta,VA,51015,36.4,2011
18529,Bath,VA,51017,65.1,2011
18530,Bedford,VA,51019,48.4,2011
18531,Bland,VA,51021,80.7,2011
18532,Botetourt,VA,51023,42.8,2011
18533,Brunswick,VA,51025,27.2,2011
18534,Buchanan,VA,51027,118.7,2011
18535,Buckingham,VA,51029,–,2011
18536,Campbell,VA,51031,39.8,2011
18537,Caroline,VA,51033,20.6,2011
18538,Carroll,VA,51035,44.5,2011
18539,Charles City,VA,51036,–,2011
18540,Charlotte,VA,51037,39.5,2011
18541,Chesterfield,VA,51041,80.4,2011
18542,Clarke,VA,51043,22.2,2011
18543,Craig,VA,51045,–,2011
18544,Culpeper,VA,51047,105.8,2011
18545,Cumberland,VA,51049,39.7,2011
18546,Dickenson,VA,51051,160.7,2011
18547,Dinwiddie,VA,51053,4.5,2011
18548,Essex,VA,51057,96.4,2011
18549,Fairfax,VA,51059,38.7,2011
18550,Fauquier,VA,51061,98.8,2011
18551,Floyd,VA,51063,85.9,2011
18552,Fluvanna,VA,51065,34.7,2011
18553,Franklin,VA,51067,108.5,2011
18554,Frederick,VA,51069,55.9,2011
18555,Giles,VA,51071,145.5,2011
18556,Gloucester,VA,51073,94.5,2011
18557,Goochland,VA,51075,29.3,2011
18558,Grayson,VA,51077,27.7,2011
18559,Greene,VA,51079,69.1,2011
18560,Greensville,VA,51081,–,2011
18561,Halifax,VA,51083,77,2011
18562,Hanover,VA,51085,82.3,2011
18563,Henrico,VA,51087,86.7,2011
18564,Henry,VA,51089,93.5,2011
18565,Highland,VA,51091,–,2011
18566,Isle Of Wight,VA,51093,60.6,2011
18567,James City,VA,51095,111.9,2011
18568,King And Queen,VA,51097,–,2011
18569,King George,VA,51099,34.7,2011
18570,King William,VA,51101,44.5,2011
18571,Lancaster,VA,51103,168.8,2011
18572,Lee,VA,51105,124.8,2011
18573,Loudoun,VA,51107,45.8,2011
18574,Louisa,VA,51109,61.3,2011
18575,Lunenburg,VA,51111,–,2011
18576,Madison,VA,51113,–,2011
18577,Mathews,VA,51115,59.1,2011
18578,Mecklenburg,VA,51117,98.3,2011
18579,Middlesex,VA,51119,–,2011
18580,Montgomery,VA,51121,80.2,2011
18581,Nelson,VA,51125,33.1,2011
18582,New Kent,VA,51127,68.4,2011
18583,Northampton,VA,51131,114.9,2011
18584,Northumberland,VA,51133,34.1,2011
18585,Nottoway,VA,51135,82.9,2011
18586,Orange,VA,51137,105.6,2011
18587,Page,VA,51139,85.2,2011
18588,Patrick,VA,51141,72.8,2011
18589,Pittsylvania,VA,51143,22.9,2011
18590,Powhatan,VA,51145,44.6,2011
18591,Prince Edward,VA,51147,122.1,2011
18592,Prince George,VA,51149,–,2011
18593,Prince William,VA,51153,48.8,2011
18594,Pulaski,VA,51155,176.3,2011
18595,Rappahannock,VA,51157,–,2011
18596,Richmond,VA,51159,49.8,2011
18597,Roanoke,VA,51161,99.4,2011
18598,Rockbridge,VA,51163,–,2011
18599,Rockingham,VA,51165,34.1,2011
18600,Russell,VA,51167,156,2011
18601,Scott,VA,51169,155.1,2011
18602,Shenandoah,VA,51171,80.1,2011
18603,Smyth,VA,51173,142.8,2011
18604,Southampton,VA,51175,4.6,2011
18605,Spotsylvania,VA,51177,89.1,2011
18606,Stafford,VA,51179,69.4,2011
18607,Surry,VA,51181,–,2011
18608,Sussex,VA,51183,26.8,2011
18609,Tazewell,VA,51185,194.3,2011
18610,Warren,VA,51187,129.5,2011
18611,Washington,VA,51191,142.5,2011
18612,Westmoreland,VA,51193,59.2,2011
18613,Wise,VA,51195,240.2,2011
18614,Wythe,VA,51197,109.7,2011
18615,York,VA,51199,59.6,2011
18616,Alexandria,VA,51510,41.2,2011
18617,Bedford City,VA,51515,–,2011
18618,Bristol,VA,51520,226.3,2011
18619,Buena Vista,VA,51530,85.7,2011
18620,Charlottesville,VA,51540,77.3,2011
18621,Chesapeake,VA,51550,85.4,2011
18622,Colonial Heights,VA,51570,303.1,2011
18623,Covington,VA,51580,310.9,2011
18624,Danville,VA,51590,184.6,2011
18625,Emporia,VA,51595,264.7,2011
18626,Fairfax City,VA,51600,94.9,2011
18627,Falls Church,VA,51610,106.8,2011
18628,Franklin City,VA,51620,229.2,2011
18629,Fredericksburg,VA,51630,191.9,2011
18630,Galax,VA,51640,409.4,2011
18631,Hampton,VA,51650,96.1,2011
18632,Harrisonburg,VA,51660,141.2,2011
18633,Hopewell,VA,51670,159.6,2011
18634,Lexington,VA,51678,288.2,2011
18635,Lynchburg,VA,51680,170.4,2011
18636,Manassas,VA,51683,126.6,2011
18637,Manassas Park,VA,51685,–,2011
18638,Martinsville,VA,51690,583.8,2011
18639,Newport News,VA,51700,76.3,2011
18640,Norfolk,VA,51710,68.6,2011
18641,Norton,VA,51720,412,2011
18642,Petersburg,VA,51730,145.7,2011
18643,Poquoson,VA,51735,108.5,2011
18644,Portsmouth,VA,51740,106.2,2011
18645,Radford,VA,51750,126.9,2011
18646,Richmond City,VA,51760,72,2011
18647,Roanoke City,VA,51770,145.7,2011
18648,Salem,VA,51775,257.1,2011
18649,Staunton,VA,51790,208.5,2011
18650,Suffolk,VA,51800,91.4,2011
18651,Virginia Beach,VA,51810,69.5,2011
18652,Waynesboro,VA,51820,232.5,2011
18653,Williamsburg,VA,51830,–,2011
18654,Winchester,VA,51840,272.7,2011
21664,Accomack,VA,51001,69.2,2012
21665,Albemarle,VA,51003,73.8,2012
21666,Alleghany,VA,51005,84.5,2012
21667,Amelia,VA,51007,57.6,2012
21668,Amherst,VA,51009,95,2012
21669,Appomattox,VA,51011,140.4,2012
21670,Arlington,VA,51013,30.4,2012
21671,Augusta,VA,51015,36.4,2012
21672,Bath,VA,51017,75.8,2012
21673,Bedford,VA,51019,50.4,2012
21674,Bland,VA,51021,82.1,2012
21675,Botetourt,VA,51023,46.6,2012
21676,Brunswick,VA,51025,27.4,2012
21677,Buchanan,VA,51027,130.9,2012
21678,Buckingham,VA,51029,–,2012
21679,Campbell,VA,51031,38.7,2012
21680,Caroline,VA,51033,22.2,2012
21681,Carroll,VA,51035,44.4,2012
21682,Charles City,VA,51036,–,2012
21683,Charlotte,VA,51037,38.6,2012
21684,Chesterfield,VA,51041,84.7,2012
21685,Clarke,VA,51043,10,2012
21686,Craig,VA,51045,–,2012
21687,Culpeper,VA,51047,99,2012
21688,Cumberland,VA,51049,36.9,2012
21689,Dickenson,VA,51051,170,2012
21690,Dinwiddie,VA,51053,5.3,2012
21691,Essex,VA,51057,126,2012
21692,Fairfax,VA,51059,38.5,2012
21693,Fauquier,VA,51061,99.1,2012
21694,Floyd,VA,51063,78.5,2012
21695,Fluvanna,VA,51065,36.1,2012
21696,Franklin,VA,51067,110.3,2012
21697,Frederick,VA,51069,66.3,2012
21698,Giles,VA,51071,181.3,2012
21699,Gloucester,VA,51073,130.3,2012
21700,Goochland,VA,51075,23.3,2012
21701,Grayson,VA,51077,29.5,2012
21702,Greene,VA,51079,77.7,2012
21703,Greensville,VA,51081,–,2012
21704,Halifax,VA,51083,85.4,2012
21705,Hanover,VA,51085,108.6,2012
21706,Henrico,VA,51087,87.1,2012
21707,Henry,VA,51089,106.9,2012
21708,Highland,VA,51091,–,2012
21709,Isle Of Wight,VA,51093,66.1,2012
21710,James City,VA,51095,122,2012
21711,King And Queen,VA,51097,–,2012
21712,King George,VA,51099,53.9,2012
21713,King William,VA,51101,51,2012
21714,Lancaster,VA,51103,192,2012
21715,Lee,VA,51105,130.5,2012
21716,Loudoun,VA,51107,44.4,2012
21717,Louisa,VA,51109,67.5,2012
21718,Lunenburg,VA,51111,–,2012
21719,Madison,VA,51113,–,2012
21720,Mathews,VA,51115,59.7,2012
21721,Mecklenburg,VA,51117,119,2012
21722,Middlesex,VA,51119,–,2012
21723,Montgomery,VA,51121,81.7,2012
21724,Nelson,VA,51125,36.2,2012
21725,New Kent,VA,51127,72.8,2012
21726,Northampton,VA,51131,125.2,2012
21727,Northumberland,VA,51133,36.1,2012
21728,Nottoway,VA,51135,86.1,2012
21729,Orange,VA,51137,112.9,2012
21730,Page,VA,51139,109.9,2012
21731,Patrick,VA,51141,81.1,2012
21732,Pittsylvania,VA,51143,23.4,2012
21733,Powhatan,VA,51145,50.1,2012
21734,Prince Edward,VA,51147,114.4,2012
21735,Prince George,VA,51149,–,2012
21736,Prince William,VA,51153,50.4,2012
21737,Pulaski,VA,51155,179.6,2012
21738,Rappahannock,VA,51157,–,2012
21739,Richmond,VA,51159,53.2,2012
21740,Roanoke,VA,51161,94.7,2012
21741,Rockbridge,VA,51163,–,2012
21742,Rockingham,VA,51165,34.5,2012
21743,Russell,VA,51167,154.7,2012
21744,Scott,VA,51169,153.9,2012
21745,Shenandoah,VA,51171,93.3,2012
21746,Smyth,VA,51173,147.4,2012
21747,Southampton,VA,51175,4.1,2012
21748,Spotsylvania,VA,51177,91,2012
21749,Stafford,VA,51179,67.5,2012
21750,Surry,VA,51181,–,2012
21751,Sussex,VA,51183,28.7,2012
21752,Tazewell,VA,51185,215,2012
21753,Warren,VA,51187,123.8,2012
21754,Washington,VA,51191,138,2012
21755,Westmoreland,VA,51193,60.1,2012
21756,Wise,VA,51195,266.8,2012
21757,Wythe,VA,51197,134.7,2012
21758,York,VA,51199,64.6,2012
21759,Alexandria,VA,51510,41.8,2012
21760,Bedford City,VA,51515,–,2012
21761,Bristol,VA,51520,217.7,2012
21762,Buena Vista,VA,51530,86.3,2012
21763,Charlottesville,VA,51540,80.1,2012
21764,Chesapeake,VA,51550,82.8,2012
21765,Colonial Heights,VA,51570,309.9,2012
21766,Covington,VA,51580,295.1,2012
21767,Danville,VA,51590,203.3,2012
21768,Emporia,VA,51595,313,2012
21769,Fairfax City,VA,51600,96.1,2012
21770,Falls Church,VA,51610,99.3,2012
21771,Franklin City,VA,51620,297.2,2012
21772,Fredericksburg,VA,51630,201.5,2012
21773,Galax,VA,51640,439.2,2012
21774,Hampton,VA,51650,100.3,2012
21775,Harrisonburg,VA,51660,147.8,2012
21776,Hopewell,VA,51670,172.7,2012
21777,Lexington,VA,51678,334.2,2012
21778,Lynchburg,VA,51680,174.8,2012
21779,Manassas,VA,51683,134.6,2012
21780,Manassas Park,VA,51685,–,2012
21781,Martinsville,VA,51690,548.1,2012
21782,Newport News,VA,51700,79.6,2012
21783,Norfolk,VA,51710,73.7,2012
21784,Norton,VA,51720,570.1,2012
21785,Petersburg,VA,51730,157.1,2012
21786,Poquoson,VA,51735,119.5,2012
21787,Portsmouth,VA,51740,120.2,2012
21788,Radford,VA,51750,146.1,2012
21789,Richmond City,VA,51760,74.6,2012
21790,Roanoke City,VA,51770,143.5,2012
21791,Salem,VA,51775,249.2,2012
21792,Staunton,VA,51790,232.5,2012
21793,Suffolk,VA,51800,92.3,2012
21794,Virginia Beach,VA,51810,70.7,2012
21795,Waynesboro,VA,51820,268.2,2012
21796,Williamsburg,VA,51830,–,2012
21797,Winchester,VA,51840,226.4,2012
24807,Accomack,VA,51001,71.4,2013
24808,Albemarle,VA,51003,67.7,2013
24809,Alleghany,VA,51005,93.8,2013
24810,Amelia,VA,51007,53.5,2013
24811,Amherst,VA,51009,93.4,2013
24812,Appomattox,VA,51011,146.2,2013
24813,Arlington,VA,51013,29.6,2013
24814,Augusta,VA,51015,36.3,2013
24815,Bath,VA,51017,13.4,2013
24816,Bedford,VA,51019,50.4,2013
24817,Bland,VA,51021,75,2013
24818,Botetourt,VA,51023,47.7,2013
24819,Brunswick,VA,51025,28.6,2013
24820,Buchanan,VA,51027,109.3,2013
24821,Buckingham,VA,51029,–,2013
24822,Campbell,VA,51031,36.4,2013
24823,Caroline,VA,51033,20.7,2013
24824,Carroll,VA,51035,49.7,2013
24825,Charles City,VA,51036,–,2013
24826,Charlotte,VA,51037,40.5,2013
24827,Chesterfield,VA,51041,80.7,2013
24828,Clarke,VA,51043,10.3,2013
24829,Craig,VA,51045,–,2013
24830,Culpeper,VA,51047,84,2013
24831,Cumberland,VA,51049,37.3,2013
24832,Dickenson,VA,51051,184.3,2013
24833,Dinwiddie,VA,51053,4.8,2013
24834,Essex,VA,51057,114.9,2013
24835,Fairfax,VA,51059,35.9,2013
24836,Fauquier,VA,51061,91.2,2013
24837,Floyd,VA,51063,70.8,2013
24838,Fluvanna,VA,51065,36.3,2013
24839,Franklin,VA,51067,102,2013
24840,Frederick,VA,51069,65.3,2013
24841,Giles,VA,51071,164.3,2013
24842,Gloucester,VA,51073,129.6,2013
24843,Goochland,VA,51075,16.8,2013
24844,Grayson,VA,51077,27.7,2013
24845,Greene,VA,51079,86.8,2013
24846,Greensville,VA,51081,–,2013
24847,Halifax,VA,51083,77.1,2013
24848,Hanover,VA,51085,104.8,2013
24849,Henrico,VA,51087,82.8,2013
24850,Henry,VA,51089,105.3,2013
24851,Highland,VA,51091,–,2013
24852,Isle Of Wight,VA,51093,67.1,2013
24853,James City,VA,51095,116,2013
24854,King And Queen,VA,51097,–,2013
24855,King George,VA,51099,56.2,2013
24856,King William,VA,51101,46.8,2013
24857,Lancaster,VA,51103,190.3,2013
24858,Lee,VA,51105,129.9,2013
24859,Loudoun,VA,51107,42.1,2013
24860,Louisa,VA,51109,64.9,2013
24861,Lunenburg,VA,51111,–,2013
24862,Madison,VA,51113,–,2013
24863,Mathews,VA,51115,61.2,2013
24864,Mecklenburg,VA,51117,117.9,2013
24865,Middlesex,VA,51119,–,2013
24866,Montgomery,VA,51121,77.2,2013
24867,Nelson,VA,51125,38.2,2013
24868,New Kent,VA,51127,70.6,2013
24869,Northampton,VA,51131,120.5,2013
24870,Northumberland,VA,51133,35.4,2013
24871,Nottoway,VA,51135,90.3,2013
24872,Orange,VA,51137,105.2,2013
24873,Page,VA,51139,108.1,2013
24874,Patrick,VA,51141,82.9,2013
24875,Pittsylvania,VA,51143,23.6,2013
24876,Powhatan,VA,51145,55.9,2013
24877,Prince Edward,VA,51147,116.1,2013
24878,Prince George,VA,51149,–,2013
24879,Prince William,VA,51153,46.2,2013
24880,Pulaski,VA,51155,169.4,2013
24881,Rappahannock,VA,51157,–,2013
24882,Richmond,VA,51159,52.4,2013
24883,Roanoke,VA,51161,95.8,2013
24884,Rockbridge,VA,51163,–,2013
24885,Rockingham,VA,51165,35.5,2013
24886,Russell,VA,51167,155.3,2013
24887,Scott,VA,51169,166.5,2013
24888,Shenandoah,VA,51171,90.4,2013
24889,Smyth,VA,51173,154.8,2013
24890,Southampton,VA,51175,4,2013
24891,Spotsylvania,VA,51177,86.7,2013
24892,Stafford,VA,51179,63.5,2013
24893,Surry,VA,51181,–,2013
24894,Sussex,VA,51183,28.2,2013
24895,Tazewell,VA,51185,221.9,2013
24896,Warren,VA,51187,112.3,2013
24897,Washington,VA,51191,133.1,2013
24898,Westmoreland,VA,51193,56.7,2013
24899,Wise,VA,51195,253.3,2013
24900,Wythe,VA,51197,127.4,2013
24901,York,VA,51199,61.3,2013
24902,Alexandria,VA,51510,39.6,2013
24903,Bedford City,VA,51515,–,2013
24904,Bristol,VA,51520,200.8,2013
24905,Buena Vista,VA,51530,82.9,2013
24906,Charlottesville,VA,51540,79.6,2013
24907,Chesapeake,VA,51550,77.9,2013
24908,Colonial Heights,VA,51570,293.4,2013
24909,Covington,VA,51580,295.8,2013
24910,Danville,VA,51590,204,2013
24911,Emporia,VA,51595,339.6,2013
24912,Fairfax City,VA,51600,93.6,2013
24913,Falls Church,VA,51610,90.8,2013
24914,Franklin City,VA,51620,295.6,2013
24915,Fredericksburg,VA,51630,183.8,2013
24916,Galax,VA,51640,457.1,2013
24917,Hampton,VA,51650,97.3,2013
24918,Harrisonburg,VA,51660,144,2013
24919,Hopewell,VA,51670,145.7,2013
24920,Lexington,VA,51678,335.3,2013
24921,Lynchburg,VA,51680,166.7,2013
24922,Manassas,VA,51683,132.5,2013
24923,Manassas Park,VA,51685,–,2013
24924,Martinsville,VA,51690,521.8,2013
24925,Newport News,VA,51700,79.1,2013
24926,Norfolk,VA,51710,73.2,2013
24927,Norton,VA,51720,578.1,2013
24928,Petersburg,VA,51730,159.7,2013
24929,Poquoson,VA,51735,105.8,2013
24930,Portsmouth,VA,51740,121.6,2013
24931,Radford,VA,51750,140.8,2013
24932,Richmond City,VA,51760,72.6,2013
24933,Roanoke City,VA,51770,131.3,2013
24934,Salem,VA,51775,247.5,2013
24935,Staunton,VA,51790,233.1,2013
24936,Suffolk,VA,51800,92.4,2013
24937,Virginia Beach,VA,51810,69.6,2013
24938,Waynesboro,VA,51820,270.1,2013
24939,Williamsburg,VA,51830,–,2013
24940,Winchester,VA,51840,208.5,2013
27950,Accomack,VA,51001,70.5,2014
27951,Albemarle,VA,51003,65,2014
27952,Alleghany,VA,51005,90.4,2014
27953,Amelia,VA,51007,54.2,2014
27954,Amherst,VA,51009,90.4,2014
27955,Appomattox,VA,51011,146.2,2014
27956,Arlington,VA,51013,28,2014
27957,Augusta,VA,51015,33.3,2014
27958,Bath,VA,51017,8.7,2014
27959,Bedford,VA,51019,50,2014
27960,Bland,VA,51021,71.1,2014
27961,Botetourt,VA,51023,46.3,2014
27962,Brunswick,VA,51025,29,2014
27963,Buchanan,VA,51027,84.7,2014
27964,Buckingham,VA,51029,2.7,2014
27965,Campbell,VA,51031,38,2014
27966,Caroline,VA,51033,19.9,2014
27967,Carroll,VA,51035,44.7,2014
27968,Charles City,VA,51036,–,2014
27969,Charlotte,VA,51037,43.9,2014
27970,Chesterfield,VA,51041,77.9,2014
27971,Clarke,VA,51043,21.6,2014
27972,Craig,VA,51045,8.4,2014
27973,Culpeper,VA,51047,79.3,2014
27974,Cumberland,VA,51049,35.5,2014
27975,Dickenson,VA,51051,157.3,2014
27976,Dinwiddie,VA,51053,5.5,2014
27977,Essex,VA,51057,123.3,2014
27978,Fairfax,VA,51059,33.7,2014
27979,Fauquier,VA,51061,81.6,2014
27980,Floyd,VA,51063,65,2014
27981,Fluvanna,VA,51065,38,2014
27982,Franklin,VA,51067,96.2,2014
27983,Frederick,VA,51069,62.9,2014
27984,Giles,VA,51071,149.5,2014
27985,Gloucester,VA,51073,128.1,2014
27986,Goochland,VA,51075,16.4,2014
27987,Grayson,VA,51077,28.3,2014
27988,Greene,VA,51079,88.8,2014
27989,Greensville,VA,51081,–,2014
27990,Halifax,VA,51083,75.9,2014
27991,Hanover,VA,51085,102,2014
27992,Henrico,VA,51087,81,2014
27993,Henry,VA,51089,101.1,2014
27994,Highland,VA,51091,–,2014
27995,Isle Of Wight,VA,51093,67.3,2014
27996,James City,VA,51095,112.7,2014
27997,King And Queen,VA,51097,–,2014
27998,King George,VA,51099,54.5,2014
27999,King William,VA,51101,47.4,2014
28000,Lancaster,VA,51103,187.1,2014
28001,Lee,VA,51105,129.3,2014
28002,Loudoun,VA,51107,40.9,2014
28003,Louisa,VA,51109,58.9,2014
28004,Lunenburg,VA,51111,4.3,2014
28005,Madison,VA,51113,–,2014
28006,Mathews,VA,51115,63.4,2014
28007,Mecklenburg,VA,51117,115.3,2014
28008,Middlesex,VA,51119,5.4,2014
28009,Montgomery,VA,51121,72.5,2014
28010,Nelson,VA,51125,27.4,2014
28011,New Kent,VA,51127,68.8,2014
28012,Northampton,VA,51131,115.5,2014
28013,Northumberland,VA,51133,37.3,2014
28014,Nottoway,VA,51135,88.6,2014
28015,Orange,VA,51137,105.3,2014
28016,Page,VA,51139,102.9,2014
28017,Patrick,VA,51141,85.1,2014
28018,Pittsylvania,VA,51143,22.8,2014
28019,Powhatan,VA,51145,55.5,2014
28020,Prince Edward,VA,51147,113.6,2014
28021,Prince George,VA,51149,0.6,2014
28022,Prince William,VA,51153,44,2014
28023,Pulaski,VA,51155,142.6,2014
28024,Rappahannock,VA,51157,–,2014
28025,Richmond,VA,51159,45.5,2014
28026,Roanoke,VA,51161,98.6,2014
28027,Rockbridge,VA,51163,–,2014
28028,Rockingham,VA,51165,34.8,2014
28029,Russell,VA,51167,138.3,2014
28030,Scott,VA,51169,169.4,2014
28031,Shenandoah,VA,51171,84.4,2014
28032,Smyth,VA,51173,151.7,2014
28033,Southampton,VA,51175,3.5,2014
28034,Spotsylvania,VA,51177,83.2,2014
28035,Stafford,VA,51179,57.9,2014
28036,Surry,VA,51181,–,2014
28037,Sussex,VA,51183,27.1,2014
28038,Tazewell,VA,51185,231.1,2014
28039,Warren,VA,51187,99.6,2014
28040,Washington,VA,51191,127.5,2014
28041,Westmoreland,VA,51193,52.4,2014
28042,Wise,VA,51195,235.7,2014
28043,Wythe,VA,51197,122.5,2014
28044,York,VA,51199,57.7,2014
28045,Alexandria,VA,51510,38.3,2014
28046,Bedford City,VA,51515,–,2014
28047,Bristol,VA,51520,190.8,2014
28048,Buena Vista,VA,51530,85.1,2014
28049,Charlottesville,VA,51540,77.2,2014
28050,Chesapeake,VA,51550,74.8,2014
28051,Colonial Heights,VA,51570,277.3,2014
28052,Covington,VA,51580,287.6,2014
28053,Danville,VA,51590,199.1,2014
28054,Emporia,VA,51595,315.5,2014
28055,Fairfax City,VA,51600,88.7,2014
28056,Falls Church,VA,51610,81.5,2014
28057,Franklin City,VA,51620,294.5,2014
28058,Fredericksburg,VA,51630,165.2,2014
28059,Galax,VA,51640,460.3,2014
28060,Hampton,VA,51650,90.9,2014
28061,Harrisonburg,VA,51660,143.3,2014
28062,Hopewell,VA,51670,131.4,2014
28063,Lexington,VA,51678,325.7,2014
28064,Lynchburg,VA,51680,154.2,2014
28065,Manassas,VA,51683,123.9,2014
28066,Manassas Park,VA,51685,–,2014
28067,Martinsville,VA,51690,532.5,2014
28068,Newport News,VA,51700,73.5,2014
28069,Norfolk,VA,51710,74.1,2014
28070,Norton,VA,51720,563.3,2014
28071,Petersburg,VA,51730,167.4,2014
28072,Poquoson,VA,51735,102.6,2014
28073,Portsmouth,VA,51740,120.6,2014
28074,Radford,VA,51750,124.4,2014
28075,Richmond City,VA,51760,67.8,2014
28076,Roanoke City,VA,51770,122,2014
28077,Salem,VA,51775,242.5,2014
28078,Staunton,VA,51790,217.6,2014
28079,Suffolk,VA,51800,91.5,2014
28080,Virginia Beach,VA,51810,68.4,2014
28081,Waynesboro,VA,51820,262.5,2014
28082,Williamsburg,VA,51830,–,2014
28083,Winchester,VA,51840,201.6,2014
31093,Accomack,VA,51001,64.8,2015
31094,Albemarle,VA,51003,61.7,2015
31095,Alleghany,VA,51005,85.7,2015
31096,Amelia,VA,51007,52.3,2015
31097,Amherst,VA,51009,83,2015
31098,Appomattox,VA,51011,138.6,2015
31099,Arlington,VA,51013,26.1,2015
31100,Augusta,VA,51015,29.1,2015
31101,Bath,VA,51017,6.2,2015
31102,Bedford,VA,51019,46.8,2015
31103,Bland,VA,51021,81,2015
31104,Botetourt,VA,51023,41.9,2015
31105,Brunswick,VA,51025,25.6,2015
31106,Buchanan,VA,51027,88,2015
31107,Buckingham,VA,51029,2.1,2015
31108,Campbell,VA,51031,33.9,2015
31109,Caroline,VA,51033,20.6,2015
31110,Carroll,VA,51035,45.3,2015
31111,Charles City,VA,51036,–,2015
31112,Charlotte,VA,51037,43.3,2015
31113,Chesterfield,VA,51041,73.4,2015
31114,Clarke,VA,51043,27.7,2015
31115,Craig,VA,51045,6.5,2015
31116,Culpeper,VA,51047,71.5,2015
31117,Cumberland,VA,51049,33.1,2015
31118,Dickenson,VA,51051,137.5,2015
31119,Dinwiddie,VA,51053,5.6,2015
31120,Essex,VA,51057,122.9,2015
31121,Fairfax,VA,51059,32,2015
31122,Fauquier,VA,51061,76.5,2015
31123,Floyd,VA,51063,59.3,2015
31124,Fluvanna,VA,51065,36.4,2015
31125,Franklin,VA,51067,87.4,2015
31126,Frederick,VA,51069,59.9,2015
31127,Giles,VA,51071,142.6,2015
31128,Gloucester,VA,51073,119.4,2015
31129,Goochland,VA,51075,15.3,2015
31130,Grayson,VA,51077,8.7,2015
31131,Greene,VA,51079,83.1,2015
31132,Greensville,VA,51081,–,2015
31133,Halifax,VA,51083,87.8,2015
31134,Hanover,VA,51085,96,2015
31135,Henrico,VA,51087,75.3,2015
31136,Henry,VA,51089,86.9,2015
31137,Highland,VA,51091,–,2015
31138,Isle Of Wight,VA,51093,67.8,2015
31139,James City,VA,51095,106.1,2015
31140,King And Queen,VA,51097,–,2015
31141,King George,VA,51099,53.5,2015
31142,King William,VA,51101,42.3,2015
31143,Lancaster,VA,51103,183.2,2015
31144,Lee,VA,51105,112.3,2015
31145,Loudoun,VA,51107,38.3,2015
31146,Louisa,VA,51109,53.2,2015
31147,Lunenburg,VA,51111,3,2015
31148,Madison,VA,51113,–,2015
31149,Mathews,VA,51115,60.2,2015
31150,Mecklenburg,VA,51117,112,2015
31151,Middlesex,VA,51119,4.5,2015
31152,Montgomery,VA,51121,66,2015
31153,Nelson,VA,51125,26.7,2015
31154,New Kent,VA,51127,61.6,2015
31155,Northampton,VA,51131,112.7,2015
31156,Northumberland,VA,51133,34.9,2015
31157,Nottoway,VA,51135,64.3,2015
31158,Orange,VA,51137,96.6,2015
31159,Page,VA,51139,99.4,2015
31160,Patrick,VA,51141,78.1,2015
31161,Pittsylvania,VA,51143,24.4,2015
31162,Powhatan,VA,51145,51.3,2015
31163,Prince Edward,VA,51147,105.2,2015
31164,Prince George,VA,51149,–,2015
31165,Prince William,VA,51153,40.6,2015
31166,Pulaski,VA,51155,135.6,2015
31167,Rappahannock,VA,51157,–,2015
31168,Richmond,VA,51159,43.5,2015
31169,Roanoke,VA,51161,91.1,2015
31170,Rockbridge,VA,51163,–,2015
31171,Rockingham,VA,51165,32.6,2015
31172,Russell,VA,51167,117.6,2015
31173,Scott,VA,51169,161.9,2015
31174,Shenandoah,VA,51171,74.7,2015
31175,Smyth,VA,51173,139.7,2015
31176,Southampton,VA,51175,2.9,2015
31177,Spotsylvania,VA,51177,75.4,2015
31178,Stafford,VA,51179,53.5,2015
31179,Surry,VA,51181,–,2015
31180,Sussex,VA,51183,24.6,2015
31181,Tazewell,VA,51185,200.5,2015
31182,Warren,VA,51187,92.4,2015
31183,Washington,VA,51191,116.1,2015
31184,Westmoreland,VA,51193,45.7,2015
31185,Wise,VA,51195,214.1,2015
31186,Wythe,VA,51197,120.5,2015
31187,York,VA,51199,50.6,2015
31188,Alexandria,VA,51510,35.9,2015
31189,Bedford City,VA,51515,–,2015
31190,Bristol,VA,51520,186,2015
31191,Buena Vista,VA,51530,71.9,2015
31192,Charlottesville,VA,51540,69.2,2015
31193,Chesapeake,VA,51550,68.4,2015
31194,Colonial Heights,VA,51570,243,2015
31195,Covington,VA,51580,256.4,2015
31196,Danville,VA,51590,188.6,2015
31197,Emporia,VA,51595,300.6,2015
31198,Fairfax City,VA,51600,81.4,2015
31199,Falls Church,VA,51610,64.1,2015
31200,Franklin City,VA,51620,271.8,2015
31201,Fredericksburg,VA,51630,175.9,2015
31202,Galax,VA,51640,431.1,2015
31203,Hampton,VA,51650,86.9,2015
31204,Harrisonburg,VA,51660,133.7,2015
31205,Hopewell,VA,51670,115.6,2015
31206,Lexington,VA,51678,269,2015
31207,Lynchburg,VA,51680,137.6,2015
31208,Manassas,VA,51683,117.1,2015
31209,Manassas Park,VA,51685,–,2015
31210,Martinsville,VA,51690,444.4,2015
31211,Newport News,VA,51700,69.1,2015
31212,Norfolk,VA,51710,70.8,2015
31213,Norton,VA,51720,504.9,2015
31214,Petersburg,VA,51730,157.5,2015
31215,Poquoson,VA,51735,93.7,2015
31216,Portsmouth,VA,51740,114.5,2015
31217,Radford,VA,51750,108.3,2015
31218,Richmond City,VA,51760,59.4,2015
31219,Roanoke City,VA,51770,108.3,2015
31220,Salem,VA,51775,220.7,2015
31221,Staunton,VA,51790,190.1,2015
31222,Suffolk,VA,51800,90,2015
31223,Virginia Beach,VA,51810,65.1,2015
31224,Waynesboro,VA,51820,232.1,2015
31225,Williamsburg,VA,51830,–,2015
31226,Winchester,VA,51840,189.9,2015
34236,Accomack,VA,51001,60.7,2016
34237,Albemarle,VA,51003,59.1,2016
34238,Alleghany,VA,51005,86.8,2016
34239,Amelia,VA,51007,48.1,2016
34240,Amherst,VA,51009,75,2016
34241,Appomattox,VA,51011,125,2016
34242,Arlington,VA,51013,24.4,2016
34243,Augusta,VA,51015,19.7,2016
34244,Bath,VA,51017,1.4,2016
34245,Bedford,VA,51019,44.9,2016
34246,Bland,VA,51021,66.8,2016
34247,Botetourt,VA,51023,39.6,2016
34248,Brunswick,VA,51025,23.9,2016
34249,Buchanan,VA,51027,131,2016
34250,Buckingham,VA,51029,2.1,2016
34251,Campbell,VA,51031,43,2016
34252,Caroline,VA,51033,35.3,2016
34253,Carroll,VA,51035,44.9,2016
34254,Charles City,VA,51036,–,2016
34255,Charlotte,VA,51037,38.9,2016
34256,Chesterfield,VA,51041,67.8,2016
34257,Clarke,VA,51043,28.5,2016
34258,Craig,VA,51045,5.2,2016
34259,Culpeper,VA,51047,65.5,2016
34260,Cumberland,VA,51049,29.3,2016
34261,Dickenson,VA,51051,185.1,2016
34262,Dinwiddie,VA,51053,5.1,2016
34263,Essex,VA,51057,109.5,2016
34264,Fairfax,VA,51059,29.7,2016
34265,Fauquier,VA,51061,72.2,2016
34266,Floyd,VA,51063,50,2016
34267,Fluvanna,VA,51065,31.4,2016
34268,Franklin,VA,51067,80.1,2016
34269,Frederick,VA,51069,58.2,2016
34270,Giles,VA,51071,119.8,2016
34271,Gloucester,VA,51073,107.5,2016
34272,Goochland,VA,51075,14.8,2016
34273,Grayson,VA,51077,25,2016
34274,Greene,VA,51079,77.8,2016
34275,Greensville,VA,51081,–,2016
34276,Halifax,VA,51083,81.3,2016
34277,Hanover,VA,51085,90.2,2016
34278,Henrico,VA,51087,68.2,2016
34279,Henry,VA,51089,73.4,2016
34280,Highland,VA,51091,–,2016
34281,Isle Of Wight,VA,51093,74.1,2016
34282,James City,VA,51095,96.2,2016
34283,King And Queen,VA,51097,–,2016
34284,King George,VA,51099,54.6,2016
34285,King William,VA,51101,40.3,2016
34286,Lancaster,VA,51103,156.9,2016
34287,Lee,VA,51105,149.5,2016
34288,Loudoun,VA,51107,36.8,2016
34289,Louisa,VA,51109,49.8,2016
34290,Lunenburg,VA,51111,1.6,2016
34291,Madison,VA,51113,–,2016
34292,Mathews,VA,51115,55.2,2016
34293,Mecklenburg,VA,51117,105.7,2016
34294,Middlesex,VA,51119,3.1,2016
34295,Montgomery,VA,51121,61.6,2016
34296,Nelson,VA,51125,21.9,2016
34297,New Kent,VA,51127,58.7,2016
34298,Northampton,VA,51131,113.8,2016
34299,Northumberland,VA,51133,30.7,2016
34300,Nottoway,VA,51135,77.3,2016
34301,Orange,VA,51137,91,2016
34302,Page,VA,51139,86,2016
34303,Patrick,VA,51141,69.2,2016
34304,Pittsylvania,VA,51143,22.3,2016
34305,Powhatan,VA,51145,45.8,2016
34306,Prince Edward,VA,51147,99.5,2016
34307,Prince George,VA,51149,–,2016
34308,Prince William,VA,51153,38.5,2016
34309,Pulaski,VA,51155,134.1,2016
34310,Rappahannock,VA,51157,–,2016
34311,Richmond,VA,51159,44,2016
34312,Roanoke,VA,51161,84.4,2016
34313,Rockbridge,VA,51163,–,2016
34314,Rockingham,VA,51165,30.3,2016
34315,Russell,VA,51167,111.7,2016
34316,Scott,VA,51169,153.7,2016
34317,Shenandoah,VA,51171,69,2016
34318,Smyth,VA,51173,131.3,2016
34319,Southampton,VA,51175,0,2016
34320,Spotsylvania,VA,51177,66.4,2016
34321,Stafford,VA,51179,49.1,2016
34322,Surry,VA,51181,–,2016
34323,Sussex,VA,51183,22,2016
34324,Tazewell,VA,51185,179.3,2016
34325,Warren,VA,51187,87.6,2016
34326,Washington,VA,51191,105,2016
34327,Westmoreland,VA,51193,43,2016
34328,Wise,VA,51195,194.5,2016
34329,Wythe,VA,51197,109.5,2016
34330,York,VA,51199,47,2016
34331,Alexandria,VA,51510,33,2016
34332,Bedford City,VA,51515,–,2016
34333,Bristol,VA,51520,174.2,2016
34334,Buena Vista,VA,51530,85.2,2016
34335,Charlottesville,VA,51540,52.8,2016
34336,Chesapeake,VA,51550,65.5,2016
34337,Colonial Heights,VA,51570,222.2,2016
34338,Covington,VA,51580,235.3,2016
34339,Danville,VA,51590,179.2,2016
34340,Emporia,VA,51595,283.1,2016
34341,Fairfax City,VA,51600,78.8,2016
34342,Falls Church,VA,51610,57.1,2016
34343,Franklin City,VA,51620,268.2,2016
34344,Fredericksburg,VA,51630,166.3,2016
34345,Galax,VA,51640,394.4,2016
34346,Hampton,VA,51650,76.8,2016
34347,Harrisonburg,VA,51660,124.7,2016
34348,Hopewell,VA,51670,151.7,2016
34349,Lexington,VA,51678,237,2016
34350,Lynchburg,VA,51680,116.7,2016
34351,Manassas,VA,51683,109.7,2016
34352,Manassas Park,VA,51685,–,2016
34353,Martinsville,VA,51690,399.9,2016
34354,Newport News,VA,51700,62.8,2016
34355,Norfolk,VA,51710,64.8,2016
34356,Norton,VA,51720,470.3,2016
34357,Petersburg,VA,51730,152.2,2016
34358,Poquoson,VA,51735,80.6,2016
34359,Portsmouth,VA,51740,102.4,2016
34360,Radford,VA,51750,97.8,2016
34361,Richmond City,VA,51760,53.2,2016
34362,Roanoke City,VA,51770,102.1,2016
34363,Salem,VA,51775,206,2016
34364,Staunton,VA,51790,175,2016
34365,Suffolk,VA,51800,85.4,2016
34366,Virginia Beach,VA,51810,61,2016
34367,Waynesboro,VA,51820,202.9,2016
34368,Williamsburg,VA,51830,–,2016
34369,Winchester,VA,51840,175,2016
37205,Accomack,VA,51001,51,2017
37206,Albemarle,VA,51003,48.3,2017
37207,Alleghany,VA,51005,70.2,2017
37208,Amelia,VA,51007,36.8,2017
37209,Amherst,VA,51009,62.7,2017
37210,Appomattox,VA,51011,97.8,2017
37211,Arlington,VA,51013,20.5,2017
37212,Augusta,VA,51015,15.8,2017
37213,Bath,VA,51017,1.2,2017
37214,Bedford,VA,51019,38.3,2017
37215,Bland,VA,51021,54.5,2017
37216,Botetourt,VA,51023,35.3,2017
37217,Brunswick,VA,51025,17.3,2017
37218,Buchanan,VA,51027,138.6,2017
37219,Buckingham,VA,51029,1.8,2017
37220,Campbell,VA,51031,33.6,2017
37221,Caroline,VA,51033,32.2,2017
37222,Carroll,VA,51035,36.8,2017
37223,Charlotte,VA,51037,31.5,2017
37224,Chesterfield,VA,51041,56.2,2017
37225,Clarke,VA,51043,28.1,2017
37226,Craig,VA,51045,6.1,2017
37227,Culpeper,VA,51047,53.3,2017
37228,Cumberland,VA,51049,21.7,2017
37229,Dickenson,VA,51051,154.7,2017
37230,Dinwiddie,VA,51053,3.8,2017
37231,Essex,VA,51057,87.8,2017
37232,Fairfax,VA,51059,25.3,2017
37233,Fauquier,VA,51061,62.3,2017
37234,Floyd,VA,51063,34.8,2017
37235,Fluvanna,VA,51065,27,2017
37236,Franklin,VA,51067,68.4,2017
37237,Frederick,VA,51069,50.7,2017
37238,Giles,VA,51071,101.9,2017
37239,Gloucester,VA,51073,88.8,2017
37240,Goochland,VA,51075,10.7,2017
37241,Grayson,VA,51077,20.1,2017
37242,Greene,VA,51079,66,2017
37243,Halifax,VA,51083,71,2017
37244,Hanover,VA,51085,73.8,2017
37245,Henrico,VA,51087,56.5,2017
37246,Henry,VA,51089,63.7,2017
37247,Isle Of Wight,VA,51093,64.5,2017
37248,James City,VA,51095,80.7,2017
37249,King George,VA,51099,44.7,2017
37250,King William,VA,51101,29.6,2017
37251,Lancaster,VA,51103,125.4,2017
37252,Lee,VA,51105,132.2,2017
37253,Loudoun,VA,51107,31.6,2017
37254,Louisa,VA,51109,42.2,2017
37255,Lunenburg,VA,51111,1.2,2017
37256,Mathews,VA,51115,49.9,2017
37257,Mecklenburg,VA,51117,83.9,2017
37258,Middlesex,VA,51119,3.1,2017
37259,Montgomery,VA,51121,53.9,2017
37260,Nelson,VA,51125,18,2017
37261,New Kent,VA,51127,44.5,2017
37262,Northampton,VA,51131,95.6,2017
37263,Northumberland,VA,51133,23.7,2017
37264,Nottoway,VA,51135,66.6,2017
37265,Orange,VA,51137,74.4,2017
37266,Page,VA,51139,76.9,2017
37267,Patrick,VA,51141,62,2017
37268,Pittsylvania,VA,51143,16.7,2017
37269,Powhatan,VA,51145,41.9,2017
37270,Prince Edward,VA,51147,83.5,2017
37271,Prince William,VA,51153,32.6,2017
37272,Pulaski,VA,51155,113.6,2017
37273,Richmond,VA,51159,35.5,2017
37274,Roanoke,VA,51161,75,2017
37275,Rockbridge,VA,51163,0.1,2017
37276,Rockingham,VA,51165,27.9,2017
37277,Russell,VA,51167,105.8,2017
37278,Scott,VA,51169,139,2017
37279,Shenandoah,VA,51171,53.2,2017
37280,Smyth,VA,51173,104.9,2017
37281,Spotsylvania,VA,51177,55.3,2017
37282,Stafford,VA,51179,41.5,2017
37283,Sussex,VA,51183,14.1,2017
37284,Tazewell,VA,51185,158.1,2017
37285,Warren,VA,51187,78.1,2017
37286,Washington,VA,51191,88.3,2017
37287,Westmoreland,VA,51193,34.7,2017
37288,Wise,VA,51195,164,2017
37289,Wythe,VA,51197,94,2017
37290,York,VA,51199,40,2017
37291,Alexandria City,VA,51510,27.6,2017
37292,Bristol City,VA,51520,162.2,2017
37293,Buena Vista City,VA,51530,81.9,2017
37294,Charlottesville City,VA,51540,45.1,2017
37295,Chesapeake City,VA,51550,55.1,2017
37296,Colonial Heights City,VA,51570,181.3,2017
37297,Covington City,VA,51580,222.4,2017
37298,Danville City,VA,51590,162.2,2017
37299,Emporia City,VA,51595,222.1,2017
37300,Fairfax City,VA,51600,69.4,2017
37301,Falls Church City,VA,51610,51.6,2017
37302,Franklin City,VA,51620,234.5,2017
37303,Fredericksburg City,VA,51630,136.9,2017
37304,Galax City,VA,51640,357.5,2017
37305,Hampton City,VA,51650,60.8,2017
37306,Harrisonburg City,VA,51660,107.3,2017
37307,Hopewell City,VA,51670,149.4,2017
37308,Lexington City,VA,51678,215.4,2017
37309,Lynchburg City,VA,51680,93.5,2017
37310,Manassas City,VA,51683,89.4,2017
37311,Martinsville City,VA,51690,346.6,2017
37312,Newport News City,VA,51700,50.4,2017
37313,Norfolk City,VA,51710,54,2017
37314,Norton City,VA,51720,402,2017
37315,Petersburg City,VA,51730,129.4,2017
37316,Poquoson City,VA,51735,65.4,2017
37317,Portsmouth City,VA,51740,83.7,2017
37318,Radford City,VA,51750,84.7,2017
37319,Richmond City,VA,51760,41.5,2017
37320,Roanoke City,VA,51770,87.9,2017
37321,Salem City,VA,51775,181.1,2017
37322,Staunton City,VA,51790,144.8,2017
37323,Suffolk City,VA,51800,75.1,2017
37324,Virginia Beach City,VA,51810,52.2,2017
37325,Waynesboro City,VA,51820,170.4,2017
37326,Winchester City,VA,51840,137.3,2017
40091,Accomack,VA,51001,33.9,2018
40092,Albemarle,VA,51003,40.3,2018
40093,Alexandria City,VA,51510,24.1,2018
40094,Alleghany,VA,51005,66.3,2018
40095,Amelia,VA,51007,29.8,2018
40096,Amherst,VA,51009,56.8,2018
40097,Appomattox,VA,51011,86,2018
40098,Arlington,VA,51013,18.1,2018
40099,Augusta,VA,51015,11.9,2018
40100,Bedford,VA,51019,32.8,2018
40101,Bland,VA,51021,42.9,2018
40102,Botetourt,VA,51023,31.5,2018
40103,Bristol City,VA,51520,148.2,2018
40104,Brunswick,VA,51025,12.6,2018
40105,Buchanan,VA,51027,113.6,2018
40106,Buckingham,VA,51029,0,2018
40107,Buena Vista City,VA,51530,78.8,2018
40108,Campbell,VA,51031,28.2,2018
40109,Caroline,VA,51033,28.7,2018
40110,Carroll,VA,51035,33,2018
40111,Charlotte,VA,51037,26.2,2018
40112,Charlottesville City,VA,51540,35.3,2018
40113,Chesapeake City,VA,51550,48.1,2018
40114,Chesterfield,VA,51041,45.6,2018
40115,Clarke,VA,51043,24,2018
40116,Colonial Heights City,VA,51570,145.5,2018
40117,Covington City,VA,51580,177.8,2018
40118,Craig,VA,51045,0,2018
40119,Culpeper,VA,51047,46.5,2018
40120,Cumberland,VA,51049,18.2,2018
40121,Danville City,VA,51590,134.4,2018
40122,Dickenson,VA,51051,131.5,2018
40123,Dinwiddie,VA,51053,0.7,2018
40124,Emporia City,VA,51595,183.4,2018
40125,Essex,VA,51057,69.2,2018
40126,Fairfax,VA,51059,21.8,2018
40127,Fairfax City,VA,51600,62.4,2018
40128,Falls Church City,VA,51610,42.6,2018
40129,Fauquier,VA,51061,51.1,2018
40130,Floyd,VA,51063,27.7,2018
40131,Fluvanna,VA,51065,24.4,2018
40132,Franklin,VA,51067,59.6,2018
40133,Franklin City,VA,51620,204.6,2018
40134,Frederick,VA,51069,43.9,2018
40135,Fredericksburg City,VA,51630,106,2018
40136,Galax City,VA,51640,301.3,2018
40137,Giles,VA,51071,84.9,2018
40138,Gloucester,VA,51073,71.9,2018
40139,Goochland,VA,51075,1.3,2018
40140,Grayson,VA,51077,17.3,2018
40141,Greene,VA,51079,54.2,2018
40142,Halifax,VA,51083,57.5,2018
40143,Hampton City,VA,51650,49.7,2018
40144,Hanover,VA,51085,57.9,2018
40145,Harrisonburg City,VA,51660,87.7,2018
40146,Henrico,VA,51087,46.1,2018
40147,Henry,VA,51089,54.2,2018
40148,Hopewell City,VA,51670,136.4,2018
40149,Isle Of Wight,VA,51093,56.4,2018
40150,James City,VA,51095,69.7,2018
40151,King George,VA,51099,39.8,2018
40152,King William,VA,51101,22.8,2018
40153,Lancaster,VA,51103,98.7,2018
40154,Lee,VA,51105,112.5,2018
40155,Lexington City,VA,51678,191.3,2018
40156,Loudoun,VA,51107,27.2,2018
40157,Louisa,VA,51109,35.3,2018
40158,Lunenburg,VA,51111,0,2018
40159,Lynchburg City,VA,51680,79.1,2018
40160,Manassas City,VA,51683,79.1,2018
40161,Martinsville City,VA,51690,293.5,2018
40162,Mathews,VA,51115,45.9,2018
40163,Mecklenburg,VA,51117,69.2,2018
40164,Middlesex,VA,51119,0.1,2018
40165,Montgomery,VA,51121,46.1,2018
40166,Nelson,VA,51125,14.4,2018
40167,New Kent,VA,51127,35.7,2018
40168,Newport News City,VA,51700,40.7,2018
40169,Norfolk City,VA,51710,43.9,2018
40170,Northampton,VA,51131,92.4,2018
40171,Northumberland,VA,51133,19,2018
40172,Norton City,VA,51720,311.3,2018
40173,Nottoway,VA,51135,52.4,2018
40174,Orange,VA,51137,61.8,2018
40175,Page,VA,51139,68.5,2018
40176,Patrick,VA,51141,48.1,2018
40177,Petersburg City,VA,51730,104.9,2018
40178,Pittsylvania,VA,51143,13.7,2018
40179,Poquoson City,VA,51735,62.6,2018
40180,Portsmouth City,VA,51740,69.8,2018
40181,Powhatan,VA,51145,37.9,2018
40182,Prince Edward,VA,51147,72.2,2018
40183,Prince William,VA,51153,28.3,2018
40184,Pulaski,VA,51155,97.3,2018
40185,Radford City,VA,51750,70.5,2018
40186,Richmond,VA,51159,29.5,2018
40187,Richmond City,VA,51760,32.1,2018
40188,Roanoke,VA,51161,67.3,2018
40189,Roanoke City,VA,51770,70.6,2018
40190,Rockbridge,VA,51163,2.8,2018
40191,Rockingham,VA,51165,21.2,2018
40192,Russell,VA,51167,90.5,2018
40193,Salem City,VA,51775,156.7,2018
40194,Scott,VA,51169,123.2,2018
40195,Shenandoah,VA,51171,42.2,2018
40196,Smyth,VA,51173,83.9,2018
40197,Spotsylvania,VA,51177,48,2018
40198,Stafford,VA,51179,36.4,2018
40199,Staunton City,VA,51790,120.9,2018
40200,Suffolk City,VA,51800,64.2,2018
40201,Sussex,VA,51183,10.2,2018
40202,Tazewell,VA,51185,132.2,2018
40203,Virginia Beach City,VA,51810,45.3,2018
40204,Warren,VA,51187,65,2018
40205,Washington,VA,51191,74.4,2018
40206,Waynesboro City,VA,51820,138,2018
40207,Westmoreland,VA,51193,29.8,2018
40208,Winchester City,VA,51840,123.4,2018
40209,Wise,VA,51195,140.9,2018
40210,Wythe,VA,51197,78.8,2018
40211,York,VA,51199,35.2,2018
43183,Accomack,VA,51001,19.4,2019
43184,Albemarle,VA,51003,46.3,2019
43185,Alleghany,VA,51005,62.6,2019
43186,Amelia,VA,51007,2.7,2019
43187,Amherst,VA,51009,30.3,2019
43188,Appomattox,VA,51011,40.5,2019
43189,Arlington,VA,51013,35.1,2019
43190,Augusta,VA,51015,45,2019
43191,Bath,VA,51017,15.8,2019
43192,Bedford,VA,51019,18.1,2019
43193,Bland,VA,51021,90.8,2019
43194,Botetourt,VA,51023,12.2,2019
43195,Brunswick,VA,51025,6.2,2019
43196,Buchanan,VA,51027,66.7,2019
43197,Buckingham,VA,51029,6.5,2019
43198,Campbell,VA,51031,6.4,2019
43199,Caroline,VA,51033,4.4,2019
43200,Carroll,VA,51035,48,2019
43201,Charles City,VA,51036,12.2,2019
43202,Charlotte,VA,51037,25.2,2019
43203,Chesterfield,VA,51041,38.5,2019
43204,Clarke,VA,51043,19.4,2019
43205,Craig,VA,51045,4.5,2019
43206,Culpeper,VA,51047,19.7,2019
43207,Cumberland,VA,51049,0.1,2019
43208,Dickenson,VA,51051,97.9,2019
43209,Dinwiddie,VA,51053,1.3,2019
43210,Essex,VA,51057,78.9,2019
43211,Fairfax,VA,51059,27.7,2019
43212,Fauquier,VA,51061,34.7,2019
43213,Floyd,VA,51063,7.8,2019
43214,Fluvanna,VA,51065,7.3,2019
43215,Franklin,VA,51067,16.6,2019
43216,Frederick,VA,51069,4.2,2019
43217,Giles,VA,51071,31.6,2019
43218,Gloucester,VA,51073,33.9,2019
43219,Goochland,VA,51075,9,2019
43220,Grayson,VA,51077,10.5,2019
43221,Greene,VA,51079,16,2019
43222,Greensville,VA,51081,1.5,2019
43223,Halifax,VA,51083,24.5,2019
43224,Hanover,VA,51085,50.1,2019
43225,Henrico,VA,51087,51.3,2019
43226,Henry,VA,51089,6.4,2019
43227,Highland,VA,51091,0.7,2019
43228,Isle Of Wight,VA,51093,13.5,2019
43229,James City,VA,51095,41.9,2019
43230,King And Queen,VA,51097,2.2,2019
43231,King George,VA,51099,4.4,2019
43232,King William,VA,51101,7.8,2019
43233,Lancaster,VA,51103,43.8,2019
43234,Lee,VA,51105,64.4,2019
43235,Loudoun,VA,51107,17.4,2019
43236,Louisa,VA,51109,9.9,2019
43237,Lunenburg,VA,51111,6.8,2019
43238,Madison,VA,51113,4.7,2019
43239,Mathews,VA,51115,3.1,2019
43240,Mecklenburg,VA,51117,48,2019
43241,Middlesex,VA,51119,8.5,2019
43242,Montgomery,VA,51121,56.2,2019
43243,Nelson,VA,51125,19.6,2019
43244,New Kent,VA,51127,16.5,2019
43245,Northampton,VA,51131,74,2019
43246,Northumberland,VA,51133,8,2019
43247,Nottoway,VA,51135,34.8,2019
43248,Orange,VA,51137,19.3,2019
43249,Page,VA,51139,40.6,2019
43250,Patrick,VA,51141,43.5,2019
43251,Pittsylvania,VA,51143,7.1,2019
43252,Powhatan,VA,51145,15.8,2019
43253,Prince Edward,VA,51147,26.4,2019
43254,Prince George,VA,51149,9.3,2019
43255,Prince William,VA,51153,17.3,2019
43256,Pulaski,VA,51155,45.4,2019
43257,Rappahannock,VA,51157,10.8,2019
43258,Richmond,VA,51159,5,2019
43259,Roanoke,VA,51161,86.3,2019
43260,Rockbridge,VA,51163,17.5,2019
43261,Rockingham,VA,51165,7.4,2019
43262,Russell,VA,51167,57.2,2019
43263,Scott,VA,51169,169.4,2019
43264,Shenandoah,VA,51171,22.3,2019
43265,Smyth,VA,51173,41.4,2019
43266,Southampton,VA,51175,2.2,2019
43267,Spotsylvania,VA,51177,30.7,2019
43268,Stafford,VA,51179,18.5,2019
43269,Surry,VA,51181,1.2,2019
43270,Sussex,VA,51183,6,2019
43271,Tazewell,VA,51185,78.9,2019
43272,Warren,VA,51187,21.1,2019
43273,Washington,VA,51191,57.6,2019
43274,Westmoreland,VA,51193,4,2019
43275,Wise,VA,51195,62.9,2019
43276,Wythe,VA,51197,42.2,2019
43277,York,VA,51199,21.7,2019
43278,Alexandria City,VA,51510,20.2,2019
43279,Bristol City,VA,51520,30,2019
43280,Buena Vista City,VA,51530,27.4,2019
43281,Charlottesville City,VA,51540,163.1,2019
43282,Chesapeake City,VA,51550,40.7,2019
43283,Colonial Heights City,VA,51570,82.6,2019
43284,Covington City,VA,51580,54,2019
43285,Danville City,VA,51590,80.4,2019
43286,Emporia City,VA,51595,125.1,2019
43287,Fairfax City,VA,51600,66.9,2019
43288,Falls Church City,VA,51610,29.2,2019
43289,Franklin City,VA,51620,72.2,2019
43290,Fredericksburg City,VA,51630,233,2019
43291,Galax City,VA,51640,161.1,2019
43292,Hampton City,VA,51650,32.3,2019
43293,Harrisonburg City,VA,51660,89.7,2019
43294,Hopewell City,VA,51670,57.2,2019
43295,Lexington City,VA,51678,116.7,2019
43296,Lynchburg City,VA,51680,104.6,2019
43297,Manassas City,VA,51683,84.4,2019
43298,Martinsville City,VA,51690,374.5,2019
43299,Newport News City,VA,51700,61.1,2019
43300,Norfolk City,VA,51710,71.9,2019
43301,Norton City,VA,51720,567.9,2019
43302,Petersburg City,VA,51730,60.2,2019
43303,Poquoson City,VA,51735,5.7,2019
43304,Portsmouth City,VA,51740,59.5,2019
43305,Radford City,VA,51750,44,2019
43306,Richmond City,VA,51760,58.7,2019
43307,Roanoke City,VA,51770,84.6,2019
43308,Salem City,VA,51775,387.3,2019
43309,Staunton City,VA,51790,54.4,2019
43310,Suffolk City,VA,51800,45.9,2019
43311,Virginia Beach City,VA,51810,44.1,2019
43312,Waynesboro City,VA,51820,49.3,2019
43313,Williamsburg City,VA,51830,0,2019
43314,Winchester City,VA,51840,226.6,2019
46265,Accomack,VA,51001,19.4,2020
46266,Albemarle,VA,51003,37,2020
46267,Alleghany,VA,51005,50.1,2020
46268,Amelia,VA,51007,1.7,2020
46269,Amherst,VA,51009,32.3,2020
46270,Appomattox,VA,51011,17,2020
46271,Arlington,VA,51013,31.1,2020
46272,Augusta,VA,51015,43.2,2020
46273,Bath,VA,51017,17.3,2020
46274,Bedford,VA,51019,17.1,2020
46275,Bland,VA,51021,84.1,2020
46276,Botetourt,VA,51023,11.9,2020
46277,Brunswick,VA,51025,6.9,2020
46278,Buchanan,VA,51027,71.4,2020
46279,Buckingham,VA,51029,4.4,2020
46280,Campbell,VA,51031,5.3,2020
46281,Caroline,VA,51033,4.2,2020
46282,Carroll,VA,51035,46.4,2020
46283,Charles City,VA,51036,6.7,2020
46284,Charlotte,VA,51037,25.5,2020
46285,Chesterfield,VA,51041,36.6,2020
46286,Clarke,VA,51043,17,2020
46287,Craig,VA,51045,1.5,2020
46288,Culpeper,VA,51047,21.8,2020
46289,Dickenson,VA,51051,79.9,2020
46290,Dinwiddie,VA,51053,1.9,2020
46291,Essex,VA,51057,60.6,2020
46292,Fairfax,VA,51059,26.3,2020
46293,Fauquier,VA,51061,33.1,2020
46294,Floyd,VA,51063,9,2020
46295,Fluvanna,VA,51065,6.3,2020
46296,Franklin,VA,51067,16,2020
46297,Frederick,VA,51069,3.6,2020
46298,Giles,VA,51071,26.5,2020
46299,Gloucester,VA,51073,37.1,2020
46300,Goochland,VA,51075,11.1,2020
46301,Grayson,VA,51077,14.1,2020
46302,Greene,VA,51079,12.9,2020
46303,Greensville,VA,51081,1.4,2020
46304,Halifax,VA,51083,18.5,2020
46305,Hanover,VA,51085,47.2,2020
46306,Henrico,VA,51087,46.7,2020
46307,Henry,VA,51089,5.8,2020
46308,Highland,VA,51091,0.3,2020
46309,Isle Of Wight,VA,51093,12.7,2020
46310,James City,VA,51095,39.2,2020
46311,King And Queen,VA,51097,0.5,2020
46312,King George,VA,51099,4.9,2020
46313,King William,VA,51101,9.3,2020
46314,Lancaster,VA,51103,42.5,2020
46315,Lee,VA,51105,57,2020
46316,Loudoun,VA,51107,17.2,2020
46317,Louisa,VA,51109,8.7,2020
46318,Lunenburg,VA,51111,6.3,2020
46319,Madison,VA,51113,4.9,2020
46320,Mathews,VA,51115,3.4,2020
46321,Mecklenburg,VA,51117,47.3,2020
46322,Middlesex,VA,51119,7.7,2020
46323,Montgomery,VA,51121,49.3,2020
46324,Nelson,VA,51125,20.5,2020
46325,New Kent,VA,51127,17.3,2020
46326,Northampton,VA,51131,65.9,2020
46327,Northumberland,VA,51133,7.5,2020
46328,Nottoway,VA,51135,32.7,2020
46329,Orange,VA,51137,18.1,2020
46330,Page,VA,51139,35.9,2020
46331,Patrick,VA,51141,40.4,2020
46332,Pittsylvania,VA,51143,7.1,2020
46333,Powhatan,VA,51145,14.8,2020
46334,Prince Edward,VA,51147,20.9,2020
46335,Prince George,VA,51149,9.1,2020
46336,Prince William,VA,51153,16.3,2020
46337,Pulaski,VA,51155,35.3,2020
46338,Rappahannock,VA,51157,6.8,2020
46339,Richmond,VA,51159,4.1,2020
46340,Roanoke,VA,51161,74.5,2020
46341,Rockbridge,VA,51163,14.3,2020
46342,Rockingham,VA,51165,14,2020
46343,Russell,VA,51167,66.5,2020
46344,Scott,VA,51169,142.9,2020
46345,Shenandoah,VA,51171,19.5,2020
46346,Smyth,VA,51173,37.9,2020
46347,Southampton,VA,51175,1.8,2020
46348,Spotsylvania,VA,51177,26.6,2020
46349,Stafford,VA,51179,13.3,2020
46350,Surry,VA,51181,1.2,2020
46351,Sussex,VA,51183,4.7,2020
46352,Tazewell,VA,51185,70.6,2020
46353,Warren,VA,51187,18.1,2020
46354,Washington,VA,51191,58.1,2020
46355,Westmoreland,VA,51193,4.5,2020
46356,Wise,VA,51195,64.1,2020
46357,Wythe,VA,51197,51.9,2020
46358,York,VA,51199,19.9,2020
46359,Alexandria City,VA,51510,19.2,2020
46360,Bristol City,VA,51520,24.6,2020
46361,Buena Vista City,VA,51530,25.5,2020
46362,Charlottesville City,VA,51540,153.8,2020
46363,Chesapeake City,VA,51550,38,2020
46364,Colonial Heights City,VA,51570,73.1,2020
46365,Covington City,VA,51580,117.6,2020
46366,Danville City,VA,51590,67.8,2020
46367,Emporia City,VA,51595,123.9,2020
46368,Fairfax City,VA,51600,58.2,2020
46369,Falls Church City,VA,51610,21.8,2020
46370,Franklin City,VA,51620,57,2020
46371,Fredericksburg City,VA,51630,220.4,2020
46372,Galax City,VA,51640,96.7,2020
46373,Hampton City,VA,51650,27.2,2020
46374,Harrisonburg City,VA,51660,77.9,2020
46375,Hopewell City,VA,51670,49.2,2020
46376,Lexington City,VA,51678,113.6,2020
46377,Lynchburg City,VA,51680,104.5,2020
46378,Manassas City,VA,51683,73.4,2020
46379,Martinsville City,VA,51690,343.7,2020
46380,Newport News City,VA,51700,56.3,2020
46381,Norfolk City,VA,51710,69.6,2020
46382,Norton City,VA,51720,406.7,2020
46383,Petersburg City,VA,51730,48.7,2020
46384,Poquoson City,VA,51735,4.9,2020
46385,Portsmouth City,VA,51740,47,2020
46386,Radford City,VA,51750,45.4,2020
46387,Richmond City,VA,51760,55.2,2020
46388,Roanoke City,VA,51770,89,2020
46389,Salem City,VA,51775,375.6,2020
46390,Staunton City,VA,51790,55.2,2020
46391,Suffolk City,VA,51800,43.8,2020
46392,Virginia Beach City,VA,51810,38.4,2020
46393,Waynesboro City,VA,51820,45.4,2020
46394,Williamsburg City,VA,51830,0.2,2020
46395,Winchester City,VA,51840,219,2020
